,Sentences,Tokens,Words,Vocab,Avg. Sentence,Avg. Word,Lexical Diversity
0,139149.0,2031437.0,1033154.0,30623.0,14.599005382719243,4.106914957244552,0.015074550675211686
