,Sentences,Tokens,Words,Vocab,Avg. Sentence,Avg. Word,Lexical Diversity
0,30291.0,276445.0,149603.0,13217.0,9.1263081443333,4.270068187162003,0.04781059523594205
